"시도별","경제활동별",2016,2016,2016,2018,2018,2018,2021,2021,2021
"시도별","경제활동별",명목,실질,실질기여도,명목,실질,실질기여도,명목,실질,실질기여도
"전국","지역내총생산(시장가격)",1743574724,1709742565,2.94,1902527946,1814075680,2.90,2083794973,1922065762,4.32
"전국","순생산물세",147826528,143240158,0.36,162233722,149552574,0.13,184986227,158097793,0.32
"전국","총부가가치(기초가격)",1595748196,1566502407,2.58,1740294224,1664573177,2.77,1898808746,1764039565,4.00
"전국","농업, 임업 및 어업",32366342,31374753,-0.11,33219757,32088872,0.01,38535237,33032148,0.10
"전국","광제조업",461999675,454391818,0.63,508586282,486333518,0.87,532787639,520565042,1.75
"전국","　광업",2607381,2530543,0.01,2343043,2257220,-0.02,2011320,2111985,0.01
"전국","　제조업",459392294,451861275,0.62,506243239,484080350,0.89,530776319,518457320,1.75
"전국","　　음식료품 및 담배제조업",21597057,20436112,0.00,23494266,21803013,0.03,25990049,23742552,0.03
"전국","　　섬유 의복 및 가죽 제품 제조업",17182558,14989180,-0.14,15895152,14491772,-0.05,13863243,12534472,0.01
"전국","　　목재종이인쇄 및 복제업",14678588,14395421,0.07,15169692,13993400,0.01,15535451,13772960,0.00
"전국","　　석탄 및 석유 화학제품 제조업",88493417,86747843,0.10,89827168,90045383,0.05,104077513,90397383,0.19
"전국","　　비금속광물 및 금속제품 제조업",77692722,76517077,0.05,78923684,76860808,-0.09,92636049,72052908,0.02
"전국","　　전기 전자 및 정밀기기 제조업",135270828,137966666,0.58,177763358,161195398,0.95,179637685,200109463,1.07
"전국","　　기계 운송장비 및 기타 제품 제조업",104477124,100808976,-0.03,105169919,104662826,-0.02,99036329,106913314,0.43
"전국","전기, 가스, 증기 및 공기 조절 공급업",33863296,31922566,-0.02,23585504,34106058,-0.03,22532846,39488858,0.05
"전국","건설업",91367707,89153125,0.48,103017253,91963521,-0.14,107396653,86414411,-0.10
"전국","서비스업",976151176,959660145,1.60,1071885428,1019793473,2.06,1197556371,1087175472,2.20
"전국","　도매 및 소매업",130152992,127773596,0.17,137969777,133841446,0.16,138508269,137974045,0.07
"전국","　운수 및 창고업",57028126,56655074,0.01,55863864,60310365,0.11,64161570,54062127,0.18
"전국","　숙박 및 음식점업",40424661,38578757,0.10,44012806,39943091,0.09,39649666,34730725,0.04
"전국","　정보통신업",76364116,75407339,0.22,81749118,81194822,0.19,99604113,93029681,0.24
"전국","　금융 및 보험업",89539235,89910887,0.09,104120563,98796131,0.30,124357407,119755094,0.39
"전국","　부동산업",128569921,126471823,0.25,138200643,133452610,0.23,148141617,140297178,0.09
"전국","　사업서비스업",149264266,147175938,0.18,168807648,155968525,0.37,193724282,164179875,0.32
"전국","　공공 행정, 국방 및 사회보장 행정",101338101,98457440,0.16,115604246,104630019,0.19,135976428,115574821,0.21
"전국","　교육 서비스업",84488280,83189664,0.06,90653377,86260307,0.08,99677113,90890170,0.25
"전국","　보건업 및 사회복지 서비스업",69318343,68294857,0.28,81747419,77936601,0.30,99548677,91667941,0.31
"전국","　문화 및 기타서비스업",49663135,47744770,0.08,53155967,47586601,0.05,54207229,45413806,0.12
"서울특별시","지역내총생산(시장가격)",387364432,380679274,2.84,423742112,403605888,3.60,472040199,431678812,3.36
"서울특별시","순생산물세",32158364,31165014,0.21,37199058,34324997,0.41,47051092,40172381,0.59
"서울특별시","총부가가치(기초가격)",355206068,349514260,2.63,386543054,369255882,3.19,424989107,391384648,2.77
"서울특별시","농업, 임업 및 어업",365526,389413,0.00,399780,452836,0.01,365950,440369,0.01
"서울특별시","광제조업",16996043,16067868,-0.16,16261429,15102708,-0.07,15696002,14933432,0.18
"서울특별시","　광업",4197,4037,0.00,7875,7390,0.00,12820,17182,0.00
"서울특별시","　제조업",16991846,16063831,-0.16,16253554,15095113,-0.07,15683182,14916563,0.18
"서울특별시","　　음식료품 및 담배제조업",395233,374399,0.00,398290,366341,0.00,480185,432692,0.01
"서울특별시","　　섬유 의복 및 가죽 제품 제조업",7144228,6300820,-0.23,6455899,5759860,-0.11,5402301,4761593,0.07
"서울특별시","　　목재종이인쇄 및 복제업",1946106,1917834,0.06,1931864,1795352,-0.02,1908907,1745032,-0.03
"서울특별시","　　석탄 및 석유 화학제품 제조업",900392,876220,0.01,864445,888789,0.02,1309859,1126080,-0.02
"서울특별시","　　비금속광물 및 금속제품 제조업",959474,942641,0.00,860241,855692,-0.01,895237,755189,0.00
"서울특별시","　　전기 전자 및 정밀기기 제조업",3370962,3432436,0.06,3664559,3351248,0.04,3607658,4027557,0.08
"서울특별시","　　기계 운송장비 및 기타 제품 제조업",2275451,2219481,-0.07,2078256,2050408,0.01,2079035,2190005,0.08
"서울특별시","전기, 가스, 증기 및 공기 조절 공급업",1844710,1838816,0.04,1263509,1994744,0.02,1548345,2887553,0.01
"서울특별시","건설업",11588048,11310791,0.22,13556880,12142426,0.09,13328297,10758261,-0.27
"서울특별시","서비스업",324411741,319907372,2.53,355061456,339625359,3.14,394050513,363024617,2.83
"서울특별시","　도매 및 소매업",58693684,57623999,0.41,61511855,59678918,0.30,62468292,62276057,0.05
"서울특별시","　운수 및 창고업",10510841,10280492,-0.17,10061317,10567762,0.10,11208580,9896426,0.27
"서울특별시","　숙박 및 음식점업",11086078,10594777,0.12,11803607,10722003,0.08,9755973,8577385,0.00
"서울특별시","　정보통신업",45120557,44549756,0.65,49060800,48522480,0.50,60261592,54583710,0.67
"서울특별시","　금융 및 보험업",41087617,41363642,0.22,48226132,45858172,0.73,62755043,60068929,1.01
"서울특별시","　부동산업",41061349,40447637,0.42,45513460,44051898,0.50,46172600,44239308,-0.06
"서울특별시","　사업서비스업",54536043,54090064,0.34,61750255,57733583,0.52,68408201,59009955,0.20
"서울특별시","　공공 행정, 국방 및 사회보장 행정",15613216,15060163,0.05,16478638,14767970,0.02,17567088,14802383,0.07
"서울특별시","　교육 서비스업",18298540,18083766,0.16,19051609,18211759,0.02,20329970,18626104,0.17
"서울특별시","　보건업 및 사회복지 서비스업",16363551,16118221,0.26,18905734,17922773,0.34,23092177,21092132,0.33
"서울특별시","　문화 및 기타서비스업",12040265,11694855,0.07,12698049,11676982,0.04,12030997,10631863,0.13
"부산광역시","지역내총생산(시장가격)",85536348,84114530,1.71,89979896,86889875,1.69,97805911,87629325,1.94
"부산광역시","순생산물세",6418735,6217141,0.25,6815267,6284848,-0.13,7587664,6473259,0.01
"부산광역시","총부가가치(기초가격)",79117613,77897389,1.46,83164629,80612184,1.82,90218247,81160478,1.93
"부산광역시","농업, 임업 및 어업",502713,509823,-0.03,422997,441594,-0.08,440666,483472,0.08
"부산광역시","광제조업",15162806,14637867,-0.38,14624398,14198014,-0.17,15044118,14084007,0.20
"부산광역시","　광업",17595,16999,0.00,12329,11632,-0.01,9382,9668,0.00
"부산광역시","　제조업",15145211,14620868,-0.38,14612069,14187013,-0.15,15034736,14075097,0.19
"부산광역시","　　음식료품 및 담배제조업",668301,633146,0.02,754403,695093,0.08,826691,744923,0.07
"부산광역시","　　섬유 의복 및 가죽 제품 제조업",1219848,1033236,-0.23,1121311,1006367,-0.07,890717,849974,0.01
"부산광역시","　　목재종이인쇄 및 복제업",391413,393079,0.06,341437,325682,-0.03,384673,340756,0.00
"부산광역시","　　석탄 및 석유 화학제품 제조업",1617445,1580835,-0.02,1447449,1499271,-0.13,1658469,1540884,0.09
"부산광역시","　　비금속광물 및 금속제품 제조업",4056807,3983322,-0.12,3799514,3660002,-0.15,4508857,3385039,-0.22
"부산광역시","　　전기 전자 및 정밀기기 제조업",1787786,1794660,-0.27,2029764,1925699,0.35,2390278,2581201,0.05
"부산광역시","　　기계 운송장비 및 기타 제품 제조업",5403611,5202590,0.17,5118191,5041367,-0.20,4375051,4614261,0.19
"부산광역시","전기, 가스, 증기 및 공기 조절 공급업",2012327,1853719,-0.02,1265671,1730861,0.10,1415203,2195171,-0.02
"부산광역시","건설업",4716366,4600841,0.61,5453526,4868200,0.06,5277252,4242229,-0.16
"부산광역시","서비스업",56723401,56295139,1.28,61398037,59421498,1.90,68041008,60422431,1.84
"부산광역시","　도매 및 소매업",8054463,7906868,-0.04,8235860,7987435,-0.02,7872515,7839840,0.15
"부산광역시","　운수 및 창고업",5599946,6108370,0.11,5560828,6706829,0.35,8984856,6189018,0.43
"부산광역시","　숙박 및 음식점업",2705401,2582458,0.06,2894167,2624935,0.10,2434985,2129301,0.04
"부산광역시","　정보통신업",1884327,1871586,0.16,1867771,1931360,0.10,1968484,2219379,0.02
"부산광역시","　금융 및 보험업",5241004,5230519,-0.05,6079960,5704706,0.30,6512902,6158150,0.24
"부산광역시","　부동산업",8036286,7907938,0.33,8658170,8364676,0.22,9008520,8536990,-0.06
"부산광역시","　사업서비스업",6724725,6647667,0.10,7525967,7001104,0.27,8200973,6865400,-0.10
"부산광역시","　공공 행정, 국방 및 사회보장 행정",4965263,4791005,0.10,5513521,4942527,0.06,6341576,5342805,0.25
"부산광역시","　교육 서비스업",5273994,5190516,-0.09,5592170,5319900,0.05,6005543,5487035,0.34
"부산광역시","　보건업 및 사회복지 서비스업",5442082,5363443,0.47,6521621,6230342,0.46,7810631,7210298,0.49
"부산광역시","　문화 및 기타서비스업",2795910,2694769,0.12,2948002,2652591,0.01,2900023,2433550,0.04
"대구광역시","지역내총생산(시장가격)",53167211,51823902,0.00,56714479,53964991,2.36,60987154,56017462,4.38
"대구광역시","순생산물세",3868238,3742918,0.16,4109187,3791220,-0.02,4732851,4032532,0.20
"대구광역시","총부가가치(기초가격)",49298973,48080984,-0.16,52605292,50176603,2.38,56254303,51986619,4.18
"대구광역시","농업, 임업 및 어업",157481,150780,0.01,150958,131637,-0.05,139680,107249,0.00
"대구광역시","광제조업",11074377,10621425,-0.54,11699407,11423428,0.82,11338457,10866777,1.73
"대구광역시","　광업",1765,1706,0.00,1831,1730,0.00,1208,1248,0.00
"대구광역시","　제조업",11072612,10619719,-0.54,11697576,11421725,0.82,11337249,10865507,1.73
"대구광역시","　　음식료품 및 담배제조업",432835,407430,0.00,484862,446433,0.08,465258,420340,0.01
"대구광역시","　　섬유 의복 및 가죽 제품 제조업",1374640,1211411,-0.37,1305572,1233961,-0.14,1072966,978047,0.04
"대구광역시","　　목재종이인쇄 및 복제업",643071,622817,0.13,672862,608724,0.04,652148,578740,0.03
"대구광역시","　　석탄 및 석유 화학제품 제조업",1115822,1093295,0.02,1065693,1124881,0.11,991480,973810,-0.02
"대구광역시","　　비금속광물 및 금속제품 제조업",2749605,2694774,-0.03,2822392,2772504,0.19,3146417,2504909,0.06
"대구광역시","　　전기 전자 및 정밀기기 제조업",1573911,1586000,0.04,1955418,1846763,0.45,1937255,2147988,0.67
"대구광역시","　　기계 운송장비 및 기타 제품 제조업",3182728,3003992,-0.33,3390777,3366727,0.09,3071725,3306380,0.95
"대구광역시","전기, 가스, 증기 및 공기 조절 공급업",365538,372843,0.05,268493,377427,-0.02,324898,512736,-0.04
"대구광역시","건설업",3079150,3002378,0.19,2639129,2358042,-0.38,4093837,3295073,0.67
"대구광역시","서비스업",34622427,33933558,0.13,37847305,35889264,2.01,40357431,37133028,1.82
"대구광역시","　도매 및 소매업",4644304,4559410,-0.05,4848889,4704544,0.14,4546609,4527016,0.08
"대구광역시","　운수 및 창고업",1742050,1686811,0.14,1841768,1913699,0.15,1703263,1630385,0.21
"대구광역시","　숙박 및 음식점업",1476326,1405001,0.07,1593338,1438292,0.08,1477570,1277317,-0.04
"대구광역시","　정보통신업",1282948,1273827,0.03,1289895,1329460,0.16,1409398,1566421,0.05
"대구광역시","　금융 및 보험업",3391164,3379173,0.02,3871597,3630932,0.25,4159426,3961645,0.25
"대구광역시","　부동산업",5515596,5421542,0.26,5830179,5621243,0.26,6140765,5808199,-0.16
"대구광역시","　사업서비스업",3655628,3613947,0.32,4100617,3841252,0.32,4438754,3808496,0.18
"대구광역시","　공공 행정, 국방 및 사회보장 행정",3760129,3618739,-1.00,4247131,3793424,0.09,4787260,4017184,-0.04
"대구광역시","　교육 서비스업",3935552,3873917,0.03,4232157,4026683,0.03,4690714,4283792,0.46
"대구광역시","　보건업 및 사회복지 서비스업",3254686,3205933,0.23,3985470,3797153,0.58,4934090,4538171,0.79
"대구광역시","　문화 및 기타서비스업",1964044,1895258,0.07,2006264,1800300,-0.05,2069582,1734111,0.03
"인천광역시","지역내총생산(시장가격)",84663335,82257112,2.64,88735401,86426825,0.74,98670502,90325899,6.38
"인천광역시","순생산물세",7919436,7683558,0.49,8527276,7855623,-0.44,9666989,8285820,0.90
"인천광역시","총부가가치(기초가격)",76743899,74573554,2.15,80208125,78585491,1.19,89003513,82053087,5.48
"인천광역시","농업, 임업 및 어업",243937,249483,0.00,249852,257548,0.00,291019,279966,0.01
"인천광역시","광제조업",21056528,20612212,0.58,21959540,21289440,-0.41,23690324,22912156,2.10
"인천광역시","　광업",150972,145934,0.03,92500,87454,-0.05,76285,78884,-0.02
"인천광역시","　제조업",20905556,20466278,0.54,21867040,21204060,-0.36,23614039,22834288,2.12
"인천광역시","　　음식료품 및 담배제조업",1051159,1000000,0.03,1003809,922869,-0.12,1202289,1076305,0.13
"인천광역시","　　섬유 의복 및 가죽 제품 제조업",307896,260015,-0.05,300401,265668,-0.01,240955,218437,-0.03
"인천광역시","　　목재종이인쇄 및 복제업",983236,1023611,0.12,935665,937688,-0.08,1099991,965946,0.04
"인천광역시","　　석탄 및 석유 화학제품 제조업",3560735,3534644,0.01,3784289,3844551,0.09,4420521,4281783,0.20
"인천광역시","　　비금속광물 및 금속제품 제조업",4404402,4331479,0.04,4428432,4279382,-0.20,5307807,4041137,0.22
"인천광역시","　　전기 전자 및 정밀기기 제조업",4409695,4475282,0.55,5127712,4714940,0.16,5543691,6105437,0.85
"인천광역시","　　기계 운송장비 및 기타 제품 제조업",6188433,5841247,-0.16,6286732,6200678,-0.20,5798785,6145971,0.71
"인천광역시","전기, 가스, 증기 및 공기 조절 공급업",4559378,4191747,-0.40,2630507,3855800,-0.48,2250749,4130562,0.29
"인천광역시","건설업",4695662,4585024,0.96,4957361,4431636,-0.44,7496598,6041804,1.03
"인천광역시","서비스업",46188394,44935088,1.02,50410865,48661765,2.51,55274823,48497364,2.05
"인천광역시","　도매 및 소매업",5264582,5168296,0.32,5857715,5682850,0.28,6030935,6005970,0.48
"인천광역시","　운수 및 창고업",8833944,8357007,-0.39,8720238,9496747,0.71,8865556,5767500,-0.22
"인천광역시","　숙박 및 음식점업",1891798,1804058,0.12,2134492,1935318,0.14,1763436,1543067,0.00
"인천광역시","　정보통신업",1410553,1404742,0.09,1436318,1504870,0.11,1601943,1840555,0.09
"인천광역시","　금융 및 보험업",3070653,3074403,0.11,3583043,3379723,0.19,3859924,3729431,0.15
"인천광역시","　부동산업",6267287,6162625,0.29,6826892,6586697,0.31,7919501,7358405,0.23
"인천광역시","　사업서비스업",5349971,5267354,-0.15,5667786,5218360,0.06,6656896,5609201,0.43
"인천광역시","　공공 행정, 국방 및 사회보장 행정",4397785,4250665,0.22,5215810,4688151,0.20,6333272,5351407,0.29
"인천광역시","　교육 서비스업",3887297,3822814,0.05,4197732,3987752,0.09,4648059,4229692,0.21
"인천광역시","　보건업 및 사회복지 서비스업",3276600,3225580,0.26,4006407,3820168,0.36,4947160,4564224,0.37
"인천광역시","　문화 및 기타서비스업",2537924,2397544,0.09,2764432,2374651,0.07,2648141,2092772,0.00
"광주광역시","지역내총생산(시장가격)",36819006,35933462,3.12,39805406,38216077,5.03,43742580,41257137,4.37
"광주광역시","순생산물세",2605726,2524334,0.31,2906942,2679770,1.59,3182693,2721117,-0.11
"광주광역시","총부가가치(기초가격)",34213280,33409128,2.81,36898464,35526935,3.45,40559887,38533331,4.48
"광주광역시","농업, 임업 및 어업",153543,146819,-0.06,142696,132131,-0.03,125415,102801,0.03
"광주광역시","광제조업",9484092,9151740,-0.02,9863933,9762148,0.74,10744031,11036105,2.19
"광주광역시","　광업",6760,6534,0.00,7644,7231,0.00,3638,3768,0.00
"광주광역시","　제조업",9477332,9145206,-0.01,9856289,9754895,0.74,10740393,11032418,2.19
"광주광역시","　　음식료품 및 담배제조업",341080,319484,-0.11,449458,421877,-0.03,547136,518545,-0.14
"광주광역시","　　섬유 의복 및 가죽 제품 제조업",138492,121847,-0.04,140705,132795,-0.02,98153,89723,-0.01
"광주광역시","　　목재종이인쇄 및 복제업",151860,149254,0.03,155979,144188,0.00,181814,161990,0.01
"광주광역시","　　석탄 및 석유 화학제품 제조업",1040810,1023270,0.07,966359,1033372,-0.09,1143859,1161383,0.26
"광주광역시","　　비금속광물 및 금속제품 제조업",1113765,1092802,0.14,1021995,995599,-0.22,1436855,1116223,0.23
"광주광역시","　　전기 전자 및 정밀기기 제조업",2641669,2642838,-0.02,2366248,2272500,-1.18,3537235,3959695,1.58
"광주광역시","　　기계 운송장비 및 기타 제품 제조업",4049656,3795711,-0.09,4755545,4764492,2.29,3795341,4175556,0.27
"광주광역시","전기, 가스, 증기 및 공기 조절 공급업",324972,330644,0.13,287979,466452,0.24,364582,668946,0.11
"광주광역시","건설업",1557198,1518245,0.33,1865873,1669442,0.50,2298882,1852024,0.09
"광주광역시","서비스업",22693475,22261680,2.43,24737983,23510008,2.00,27026977,24966967,2.06
"광주광역시","　도매 및 소매업",2578769,2531604,0.05,2705514,2624891,0.07,2657802,2645702,-0.02
"광주광역시","　운수 및 창고업",1012128,978952,0.19,1042144,1082161,-0.01,999127,942420,0.10
"광주광역시","　숙박 및 음식점업",928762,883933,0.07,1011881,914043,0.09,930740,807143,0.20
"광주광역시","　정보통신업",914561,905321,0.21,955626,976063,0.12,1222302,1346844,0.28
"광주광역시","　금융 및 보험업",2181257,2174902,0.10,2415161,2277518,0.18,2610843,2489683,0.23
"광주광역시","　부동산업",3277234,3221165,0.16,3501074,3379301,0.29,3887888,3735336,0.09
"광주광역시","　사업서비스업",2886356,2853798,0.48,3083741,2896851,0.24,3406532,2972923,0.19
"광주광역시","　공공 행정, 국방 및 사회보장 행정",2163999,2092048,0.06,2455281,2207111,0.19,2881110,2432922,0.19
"광주광역시","　교육 서비스업",2599506,2558548,-0.02,2800763,2665214,0.11,2990716,2737016,0.29
"광주광역시","　보건업 및 사회복지 서비스업",2815713,2775495,0.90,3332295,3202413,0.69,3915708,3626849,0.43
"광주광역시","　문화 및 기타서비스업",1335190,1285914,0.21,1434503,1283086,0.04,1524209,1271468,0.07
"대전광역시","지역내총생산(시장가격)",39335023,38456557,3.48,41308348,39135729,0.94,46716590,42500095,3.13
"대전광역시","순생산물세",2639849,2557497,0.45,2754526,2540150,-0.09,3339692,2853870,0.28
"대전광역시","총부가가치(기초가격)",36695174,35899060,3.03,38553822,36596823,1.03,43376898,39644630,2.85
"대전광역시","농업, 임업 및 어업",37935,37052,0.00,34834,35306,-0.01,42516,38402,0.01
"대전광역시","광제조업",6792403,6607363,0.16,6482721,6258808,-0.55,7017056,6936783,0.75
"대전광역시","　광업",3072,2968,0.00,1875,1761,0.00,1657,1670,0.00
"대전광역시","　제조업",6789331,6604395,0.16,6480846,6257030,-0.56,7015399,6934977,0.75
"대전광역시","　　음식료품 및 담배제조업",1101646,1051192,0.07,1093293,1074142,-0.07,1218886,1204561,0.10
"대전광역시","　　섬유 의복 및 가죽 제품 제조업",101427,88520,-0.01,98259,90264,-0.02,99946,90600,0.01
"대전광역시","　　목재종이인쇄 및 복제업",536445,513438,0.02,491570,437905,-0.01,496443,435544,0.03
"대전광역시","　　석탄 및 석유 화학제품 제조업",1595326,1546264,0.07,1213967,1234861,-0.44,1265423,1132162,-0.10
"대전광역시","　　비금속광물 및 금속제품 제조업",716293,704100,-0.02,702713,701252,0.09,841724,699399,-0.10
"대전광역시","　　전기 전자 및 정밀기기 제조업",1470350,1498371,0.30,1784211,1616642,0.39,1931182,2150420,0.49
"대전광역시","　　기계 운송장비 및 기타 제품 제조업",1267844,1202510,-0.27,1096833,1076263,-0.49,1161795,1212549,0.32
"대전광역시","전기, 가스, 증기 및 공기 조절 공급업",349729,363332,0.13,300879,480451,0.17,357882,638690,-0.03
"대전광역시","건설업",1528938,1492235,0.46,1603466,1435544,-0.04,2339963,1889164,0.40
"대전광역시","서비스업",27986169,27399078,2.28,30131922,28402523,1.46,33619481,30194473,1.72
"대전광역시","　도매 및 소매업",2727515,2677633,0.05,2837146,2752741,0.04,2845614,2832578,0.11
"대전광역시","　운수 및 창고업",1030732,995774,0.12,995911,1027670,-0.07,889438,849261,0.09
"대전광역시","　숙박 및 음식점업",1068494,1016624,0.05,1136400,1027197,0.07,1113756,964739,0.14
"대전광역시","　정보통신업",1270350,1255882,0.26,1352536,1356191,0.24,1524560,1524714,0.18
"대전광역시","　금융 및 보험업",2021579,2025697,0.18,2235110,2118560,0.08,2460793,2380984,0.23
"대전광역시","　부동산업",3302283,3245528,0.23,3518359,3392552,0.26,3962566,3631174,0.01
"대전광역시","　사업서비스업",6673557,6531688,0.90,7085560,6566971,0.34,8653246,7293883,0.13
"대전광역시","　공공 행정, 국방 및 사회보장 행정",3534357,3415942,0.13,3986510,3580764,0.13,4405837,3720552,0.16
"대전광역시","　교육 서비스업",2729886,2686157,-0.10,2916705,2773885,0.08,3202029,2925443,0.39
"대전광역시","　보건업 및 사회복지 서비스업",2258735,2224837,0.25,2638362,2516123,0.34,3089619,2848024,0.26
"대전광역시","　문화 및 기타서비스업",1368681,1323316,0.22,1429323,1292557,-0.05,1472023,1234163,0.01
"울산광역시","지역내총생산(시장가격)",74660841,73477668,0.86,73647537,71344390,-2.23,77973813,69523278,3.56
"울산광역시","순생산물세",13478397,13038027,0.52,13660967,12594921,-0.44,13949383,11888127,1.08
"울산광역시","총부가가치(기초가격)",61182444,60439641,0.33,59986570,58751136,-1.79,64024430,57645293,2.48
"울산광역시","농업, 임업 및 어업",157215,157943,0.00,141694,148260,-0.01,156516,146990,0.03
"울산광역시","광제조업",38257379,37803591,-0.08,36488708,35843060,-0.79,39166537,35144111,2.01
"울산광역시","　광업",90690,88961,-0.01,94536,101617,0.01,44529,50098,-0.01
"울산광역시","　제조업",38166689,37714630,-0.08,36394172,35741882,-0.80,39122008,35091260,2.01
"울산광역시","　　음식료품 및 담배제조업",208475,197096,0.00,193068,177525,0.03,192052,172731,0.00
"울산광역시","　　섬유 의복 및 가죽 제품 제조업",173870,152215,-0.03,134405,126781,-0.04,243871,222720,-0.03
"울산광역시","　　목재종이인쇄 및 복제업",473728,458937,0.00,499330,452532,0.05,422041,366081,0.06
"울산광역시","　　석탄 및 석유 화학제품 제조업",17349155,17238938,0.13,17743844,17297745,-0.30,19177162,15362894,0.42
"울산광역시","　　비금속광물 및 금속제품 제조업",4818266,4743111,-0.07,4601610,4300797,-0.29,5923269,4080923,-0.45
"울산광역시","　　전기 전자 및 정밀기기 제조업",1526874,1496850,-0.18,1561711,1561276,0.26,2144754,2186352,0.88
"울산광역시","　　기계 운송장비 및 기타 제품 제조업",13616321,13427483,0.07,11660204,11834745,-0.51,11018859,12710895,1.13
"울산광역시","전기, 가스, 증기 및 공기 조절 공급업",1872292,1773267,-0.12,1186094,1627138,-0.45,1454863,2314509,-0.02
"울산광역시","건설업",2859283,2785832,0.37,3396278,3029518,-0.75,2320213,1865790,-0.39
"울산광역시","서비스업",18036275,17919008,0.17,18773796,18034345,0.22,20926301,18440677,0.85
"울산광역시","　도매 및 소매업",1803397,1770214,0.00,1811363,1756544,-0.03,1689206,1680200,-0.11
"울산광역시","　운수 및 창고업",1632896,1812805,0.04,1443934,1708326,-0.05,2393739,1736887,0.06
"울산광역시","　숙박 및 음식점업",887484,845368,0.04,946302,858065,0.03,812236,708373,0.01
"울산광역시","　정보통신업",531326,527767,-0.01,478777,499138,0.00,530040,627010,0.04
"울산광역시","　금융 및 보험업",1418869,1417034,-0.03,1570586,1480392,0.01,1630779,1569288,0.08
"울산광역시","　부동산업",2610957,2568188,0.10,2592091,2501571,-0.09,2682004,2435434,0.05
"울산광역시","　사업서비스업",3210797,3169952,-0.24,3397855,3138930,0.19,3764694,3126669,0.25
"울산광역시","　공공 행정, 국방 및 사회보장 행정",1375755,1343376,0.07,1604491,1462154,0.05,1976729,1688843,0.10
"울산광역시","　교육 서비스업",2144331,2113126,0.10,2270575,2160563,0.05,2388421,2166029,0.19
"울산광역시","　보건업 및 사회복지 서비스업",1363012,1343336,0.10,1573910,1501304,0.08,1908002,1761065,0.13
"울산광역시","　문화 및 기타서비스업",1057451,1007842,0.01,1083912,950612,-0.02,1150451,938405,0.05
"세종특별자치시","지역내총생산(시장가격)",9979343,9729904,5.06,11101861,10423610,2.80,13971642,12509390,7.40
"세종특별자치시","순생산물세",768498,744095,-0.01,875800,808642,-0.33,991946,847109,0.14
"세종특별자치시","총부가가치(기초가격)",9210845,8985809,5.06,10226061,9615482,3.13,12979696,11664823,7.25
"세종특별자치시","농업, 임업 및 어업",219244,208827,0.19,193292,191458,-0.43,184699,153712,0.11
"세종특별자치시","광제조업",2359334,2319543,0.10,2302225,2252771,-0.14,2955049,2991128,2.07
"세종특별자치시","　광업",28112,27176,0.01,17406,16470,-0.04,18146,18794,0.01
"세종특별자치시","　제조업",2331222,2292367,0.09,2284819,2236617,-0.11,2936903,2972782,2.07
"세종특별자치시","　　음식료품 및 담배제조업",211283,200959,-0.06,169856,156040,-0.37,220763,197743,-0.03
"세종특별자치시","　　섬유 의복 및 가죽 제품 제조업",19709,17348,0.03,20523,19541,0.00,38941,47059,-0.06
"세종특별자치시","　　목재종이인쇄 및 복제업",241273,231633,0.27,257248,229874,0.15,245840,217829,0.08
"세종특별자치시","　　석탄 및 석유 화학제품 제조업",644543,628449,-0.02,580453,600684,-0.47,836956,794933,0.93
"세종특별자치시","　　비금속광물 및 금속제품 제조업",373849,373893,0.07,342958,360568,-0.31,384975,379645,0.14
"세종특별자치시","　　전기 전자 및 정밀기기 제조업",666392,676156,-0.25,727444,673256,0.67,1050748,1153263,0.87
"세종특별자치시","　　기계 운송장비 및 기타 제품 제조업",174173,163929,0.06,186337,186217,0.22,158680,171408,0.14
"세종특별자치시","전기, 가스, 증기 및 공기 조절 공급업",175402,162323,-0.07,121754,175862,-0.14,132575,232962,0.05
"세종특별자치시","건설업",1702166,1656834,1.50,1633586,1456476,-1.05,1259137,1010786,-0.78
"세종특별자치시","서비스업",4754699,4638282,3.35,5975204,5531561,4.89,8448236,7343913,5.80
"세종특별자치시","　도매 및 소매업",151566,148788,0.26,212946,206544,0.22,272585,271097,0.07
"세종특별자치시","　운수 및 창고업",91157,88880,0.08,95965,100215,0.03,121222,113922,-0.04
"세종특별자치시","　숙박 및 음식점업",107249,101976,0.17,152129,137819,0.24,176422,153091,0.17
"세종특별자치시","　정보통신업",64805,62720,0.10,78357,73579,0.08,98801,88127,0.04
"세종특별자치시","　금융 및 보험업",271985,273085,0.56,403477,379949,0.46,528100,517193,0.40
"세종특별자치시","　부동산업",606865,597933,0.52,710113,687193,0.54,1090465,912792,0.41
"세종특별자치시","　사업서비스업",463927,453599,-0.04,543469,501526,0.47,686786,572147,0.40
"세종특별자치시","　공공 행정, 국방 및 사회보장 행정",2211862,2142226,0.58,2728134,2457113,1.60,3963036,3355081,2.87
"세종특별자치시","　교육 서비스업",519787,510018,0.60,665210,630755,0.62,873487,795687,0.54
"세종특별자치시","　보건업 및 사회복지 서비스업",164137,161412,0.34,224170,214141,0.37,412169,382855,0.73
"세종특별자치시","　문화 및 기타서비스업",101359,97645,0.17,161234,144561,0.26,225163,186204,0.22
"경기도","지역내총생산(시장가격)",407437529,399827962,4.67,479822189,451914662,6.04,529210829,498358681,6.03
"경기도","순생산물세",31080756,30138836,0.53,36229759,33397081,0.32,39989291,34271149,0.25
"경기도","총부가가치(기초가격)",376356773,369689126,4.14,443592430,418521514,5.73,489221538,464215228,5.77
"경기도","농업, 임업 및 어업",3339399,3197657,-0.08,3156720,3198202,0.01,3735556,3210592,0.02
"경기도","광제조업",136364666,134823544,1.65,171709568,161419863,3.07,180455003,187372522,3.06
"경기도","　광업",342642,331231,0.01,402071,380050,0.01,321708,329153,0.01
"경기도","　제조업",136022024,134492313,1.63,171307497,161040454,3.06,180133295,187049856,3.06
"경기도","　　음식료품 및 담배제조업",4853794,4585512,-0.01,5569342,5132648,0.06,6251496,5663005,0.03
"경기도","　　섬유 의복 및 가죽 제품 제조업",3611622,3099309,-0.14,3390388,3099113,-0.01,3120842,2852780,-0.02
"경기도","　　목재종이인쇄 및 복제업",5078621,4956785,0.11,5608142,5139076,0.05,5806896,5156602,0.00
"경기도","　　석탄 및 석유 화학제품 제조업",18023849,17562735,0.11,18012599,18561391,0.12,21213085,19933925,0.19
"경기도","　　비금속광물 및 금속제품 제조업",17071681,16802418,0.18,17649903,17470865,-0.07,20192264,16471869,0.07
"경기도","　　전기 전자 및 정밀기기 제조업",61190638,62679685,1.51,91902128,82342512,2.97,95016369,107226109,2.35
"경기도","　　기계 운송장비 및 기타 제품 제조업",26191819,24805869,-0.12,29174995,28633789,-0.06,28532343,29878331,0.44
"경기도","전기, 가스, 증기 및 공기 조절 공급업",4959167,4747196,0.00,3746065,5531923,0.03,4215341,7400323,0.06
"경기도","건설업",24257549,23664175,1.00,30753016,27485211,0.09,32016858,25800603,0.06
"경기도","서비스업",207435992,203256554,1.58,234227061,220799798,2.52,268798780,242157561,2.57
"경기도","　도매 및 소매업",25102723,24643295,0.24,27612031,26784236,0.22,28863708,28746070,0.12
"경기도","　운수 및 창고업",10897876,10604602,0.11,11185516,11468419,0.11,11568169,10924593,0.13
"경기도","　숙박 및 음식점업",8299145,7897290,0.10,9338691,8450195,0.11,8704674,7571553,-0.01
"경기도","　정보통신업",16019639,15756911,0.09,17186408,16767769,0.17,22164479,19698829,0.18
"경기도","　금융 및 보험업",14050322,14143771,0.10,16434862,15666695,0.19,18531523,18189559,0.23
"경기도","　부동산업",31506795,30968440,0.33,34097763,32885232,0.30,39476279,36937794,0.25
"경기도","　사업서비스업",41020831,40210839,0.13,48895656,44411474,0.74,58493656,48892374,0.76
"경기도","　공공 행정, 국방 및 사회보장 행정",17174693,16611073,0.08,20233212,18196111,0.20,24408067,20637596,0.24
"경기도","　교육 서비스업",17492103,17226277,0.06,19087323,18160226,0.11,21341729,19418304,0.21
"경기도","　보건업 및 사회복지 서비스업",14114237,13896547,0.27,17447080,16677497,0.30,22016783,20375731,0.34
"경기도","　문화 및 기타서비스업",11757628,11297509,0.08,12708519,11321029,0.08,13229713,10937287,0.12
"강원도","지역내총생산(시장가격)",43078659,42047331,2.89,46925797,44574334,1.86,51207169,46781331,4.35
"강원도","순생산물세",3046683,2948741,0.29,3349596,3087178,0.24,3972685,3384630,0.11
"강원도","총부가가치(기초가격)",40031976,39098590,2.59,43576201,41486684,1.62,47234484,43392655,4.24
"강원도","농업, 임업 및 어업",2155994,2056741,-0.12,2132374,2028071,-0.18,2501261,2170596,0.14
"강원도","광제조업",5035836,4918681,0.59,5377099,5319618,-0.16,5191303,5258973,0.27
"강원도","　광업",929081,906417,0.22,819894,803271,-0.38,667385,719314,0.04
"강원도","　제조업",4106755,4012264,0.36,4557205,4522342,0.22,4523918,4548117,0.24
"강원도","　　음식료품 및 담배제조업",867136,813108,-0.01,1041522,964703,0.07,1126449,1035860,0.06
"강원도","　　섬유 의복 및 가죽 제품 제조업",29415,25941,0.00,42496,39195,0.02,37175,33723,-0.05
"강원도","　　목재종이인쇄 및 복제업",91033,92138,0.03,93771,90489,-0.01,93904,83588,-0.03
"강원도","　　석탄 및 석유 화학제품 제조업",518469,506261,0.18,561667,576879,0.05,684553,682814,0.07
"강원도","　　비금속광물 및 금속제품 제조업",1341251,1340081,0.15,1398545,1469712,-0.14,1310308,1310166,-0.04
"강원도","　　전기 전자 및 정밀기기 제조업",556042,561751,0.15,678911,641489,0.15,628834,707898,0.10
"강원도","　　기계 운송장비 및 기타 제품 제조업",703409,672984,-0.13,740293,727176,0.09,642695,669821,0.12
"강원도","전기, 가스, 증기 및 공기 조절 공급업",874062,811348,-0.09,931924,1327592,0.48,596155,1162498,0.17
"강원도","건설업",3985876,3896827,0.49,3852880,3428645,-1.01,4557695,3652281,0.06
"강원도","서비스업",27980208,27414993,1.72,31281924,29428171,2.48,34388070,31083319,3.60
"강원도","　도매 및 소매업",1927091,1891591,-0.01,2053443,1991300,0.07,1893902,1882903,-0.07
"강원도","　운수 및 창고업",1577092,1569200,-0.08,1548179,1648912,-0.14,1650474,1584915,0.20
"강원도","　숙박 및 음식점업",1740641,1675723,0.27,1899514,1744603,0.22,1863232,1673361,0.29
"강원도","　정보통신업",852578,844241,0.05,870380,887348,0.15,1032259,1102357,0.15
"강원도","　금융 및 보험업",1569663,1576315,0.14,1817439,1734139,0.12,2072238,2037979,0.24
"강원도","　부동산업",2588632,2543349,0.13,2673553,2576906,0.06,2669293,2555374,0.12
"강원도","　사업서비스업",1857062,1829368,0.16,2121072,1977787,0.16,2346182,2000965,0.05
"강원도","　공공 행정, 국방 및 사회보장 행정",8503900,8268507,0.54,10159693,9204548,1.10,12068337,10286074,1.45
"강원도","　교육 서비스업",3374084,3313775,0.07,3687604,3498630,0.24,3868182,3518114,0.29
"강원도","　보건업 및 사회복지 서비스업",1993172,1966079,0.21,2281292,2169715,0.27,2777789,2548499,0.29
"강원도","　문화 및 기타서비스업",1996293,1936845,0.26,2169755,1982937,0.24,2146182,1861208,0.59
"충청북도","지역내총생산(시장가격)",59671234,58380533,5.78,69636876,65830010,6.26,75289387,70448338,6.86
"충청북도","순생산물세",4836321,4687745,0.83,5335274,4916425,0.18,5582580,4782949,-0.22
"충청북도","총부가가치(기초가격)",54834913,53692788,4.95,64301602,60917478,6.08,69706807,65693987,7.08
"충청북도","농업, 임업 및 어업",1984178,1884379,-0.22,1976577,1873677,-0.07,2156019,1780502,0.13
"충청북도","광제조업",25214462,24759349,2.70,31495435,30063268,4.44,34100543,33953458,5.24
"충청북도","　광업",202368,195577,0.06,249490,235866,0.03,181949,187383,0.01
"충청북도","　제조업",25012094,24563772,2.63,31245945,29827447,4.41,33918594,33767144,5.23
"충청북도","　　음식료품 및 담배제조업",2637057,2485250,0.19,2795150,2573837,-0.07,3057067,2765876,0.04
"충청북도","　　섬유 의복 및 가죽 제품 제조업",353222,301854,-0.15,336796,310087,0.00,318590,291988,-0.01
"충청북도","　　목재종이인쇄 및 복제업",926239,892337,0.09,892138,803436,0.01,862407,757638,-0.05
"충청북도","　　석탄 및 석유 화학제품 제조업",5597731,5433972,0.94,5672220,5773370,0.73,8020808,7427538,1.10
"충청북도","　　비금속광물 및 금속제품 제조업",3611103,3571484,0.38,3768403,3802167,-0.15,3864341,3377124,-0.06
"충청북도","　　전기 전자 및 정밀기기 제조업",9202598,9324930,0.97,14763867,13570727,3.59,14459836,15585764,3.02
"충청북도","　　기계 운송장비 및 기타 제품 제조업",2684144,2553945,0.22,3017371,2964956,0.29,3335545,3500804,1.19
"충청북도","전기, 가스, 증기 및 공기 조절 공급업",400971,391658,0.10,339082,449567,-0.01,530987,759148,0.01
"충청북도","건설업",3346602,3265582,0.86,4619155,4118895,0.89,3812911,3064922,-0.13
"충청북도","서비스업",23888700,23391820,1.51,25871353,24393966,0.82,29106347,26392855,1.84
"충청북도","　도매 및 소매업",2152615,2112940,0.00,2264830,2196152,0.05,2206252,2193956,-0.01
"충청북도","　운수 및 창고업",1498490,1456702,0.06,1433158,1513642,0.10,1452035,1430922,0.14
"충청북도","　숙박 및 음식점업",1098885,1046693,0.07,1222742,1107796,0.10,1133109,988856,0.03
"충청북도","　정보통신업",708959,702732,0.04,687480,710455,0.04,779127,892219,0.13
"충청북도","　금융 및 보험업",1656868,1655814,0.05,1969656,1868268,0.20,2188495,2119950,0.17
"충청북도","　부동산업",2566767,2521939,0.13,2670804,2574220,0.09,2850416,2718186,0.10
"충청북도","　사업서비스업",3176500,3121177,0.69,3153443,2893056,-0.36,3806433,3187858,0.15
"충청북도","　공공 행정, 국방 및 사회보장 행정",4483667,4381937,0.21,5079136,4634075,0.11,6302059,5393800,0.42
"충청북도","　교육 서비스업",3004077,2952207,0.03,3353708,3182115,0.18,3812809,3455689,0.39
"충청북도","　보건업 및 사회복지 서비스업",1921028,1893933,0.20,2222174,2121476,0.23,2627205,2423146,0.19
"충청북도","　문화 및 기타서비스업",1620844,1545746,0.02,1814222,1601396,0.08,1948407,1598588,0.12
"충청남도","지역내총생산(시장가격)",106869144,104503363,3.16,115534184,110873163,0.64,125416447,118487227,5.08
"충청남도","순생산물세",10570123,10238991,0.37,11324214,10426129,-0.10,12028436,10282593,0.37
"충청남도","총부가가치(기초가격)",96299021,94264372,2.79,104209970,100452872,0.75,113388011,108268246,4.70
"충청남도","농업, 임업 및 어업",4224568,4062777,-0.43,4131891,4017635,-0.04,5202711,4381415,0.39
"충청남도","광제조업",49031865,48356088,2.02,56603953,53872702,1.03,60313215,58605482,3.23
"충청남도","　광업",171088,165371,0.02,115636,109330,-0.02,139338,144067,0.02
"충청남도","　제조업",48860777,48190717,2.00,56488317,53764781,1.04,60173877,58461140,3.21
"충청남도","　　음식료품 및 담배제조업",2084022,1972902,-0.03,2357077,2170942,0.17,2655284,2395623,0.03
"충청남도","　　섬유 의복 및 가죽 제품 제조업",420291,369692,-0.06,391423,371019,-0.04,322658,295594,-0.04
"충청남도","　　목재종이인쇄 및 복제업",859210,831922,0.10,841034,762497,0.05,808741,704463,-0.01
"충청남도","　　석탄 및 석유 화학제품 제조업",11868380,11617684,0.25,13284215,13171031,0.41,15220505,12747991,0.40
"충청남도","　　비금속광물 및 금속제품 제조업",7822403,7721516,0.08,8388028,8128178,0.01,9887574,7573091,0.21
"충청남도","　　전기 전자 및 정밀기기 제조업",17085986,17473182,1.67,21732823,19540481,1.13,21202646,23606948,1.63
"충청남도","　　기계 운송장비 및 기타 제품 제조업",8720485,8203819,-0.01,9493717,9448495,-0.67,10076469,10849561,1.00
"충청남도","전기, 가스, 증기 및 공기 조절 공급업",5108005,4656937,-0.17,3635549,5091934,-0.22,2738283,4877301,-0.03
"충청남도","건설업",6416102,6260429,0.08,5972102,5334840,-0.77,6681947,5384530,0.07
"충청남도","서비스업",31518481,30928141,1.30,33866475,32054897,0.75,38451855,34853464,1.04
"충청남도","　도매 및 소매업",2994081,2939108,0.07,3220098,3123213,0.05,3244596,3228417,-0.01
"충청남도","　운수 및 창고업",2219638,2236772,0.13,2156649,2343627,-0.02,2419802,2261163,0.00
"충청남도","　숙박 및 음식점업",1666112,1588211,0.10,1807946,1640814,0.04,1692702,1480051,0.05
"충청남도","　정보통신업",808376,803327,0.05,781878,812724,0.02,811926,939476,0.04
"충청남도","　금융 및 보험업",2166531,2175777,0.02,2501222,2382103,0.11,2819953,2765025,0.16
"충청남도","　부동산업",3758952,3696121,0.09,3892117,3754324,0.02,4203255,4000377,0.08
"충청남도","　사업서비스업",4257097,4178502,0.46,4244201,3889215,0.09,5391035,4505783,0.07
"충청남도","　공공 행정, 국방 및 사회보장 행정",5341368,5203480,0.16,6001293,5452899,0.12,7260877,6182885,0.08
"충청남도","　교육 서비스업",3877073,3812697,0.01,4268706,4056833,0.13,4817431,4394826,0.27
"충청남도","　보건업 및 사회복지 서비스업",2584619,2547253,0.20,2995205,2860795,0.18,3552149,3278209,0.16
"충청남도","　문화 및 기타서비스업",1844634,1746893,0.03,1997160,1738252,0.03,2238129,1803528,0.15
"전라북도","지역내총생산(시장가격)",47879046,46664550,-0.75,50595318,48350793,1.68,55955855,50636383,3.09
"전라북도","순생산물세",3523228,3417208,0.10,3755417,3458905,0.14,4626098,3954467,-0.07
"전라북도","총부가가치(기초가격)",44355818,43247342,-0.85,46839901,44892102,1.53,51329757,46670445,3.16
"전라북도","농업, 임업 및 어업",3525747,3366254,-0.66,3588055,3420221,-0.09,4058242,3388397,0.30
"전라북도","광제조업",11538021,11125396,-1.30,11497805,11152811,-0.05,12289607,11119409,1.45
"전라북도","　광업",146297,141420,0.00,128130,121221,-0.02,107001,110784,-0.01
"전라북도","　제조업",11391724,10983976,-1.30,11369675,11032002,-0.04,12182606,11008367,1.46
"전라북도","　　음식료품 및 담배제조업",1806010,1711466,-0.18,2004410,1843676,0.23,2145371,1933200,0.03
"전라북도","　　섬유 의복 및 가죽 제품 제조업",279394,247162,-0.10,226376,210733,-0.06,182996,164763,-0.02
"전라북도","　　목재종이인쇄 및 복제업",652359,642921,0.07,679384,631179,0.03,696605,607475,0.10
"전라북도","　　석탄 및 석유 화학제품 제조업",2478206,2381841,0.12,2486116,2448352,0.07,2858734,2326996,0.01
"전라북도","　　비금속광물 및 금속제품 제조업",2027410,2004638,-0.32,2281665,2230235,-0.17,2848314,2251070,0.36
"전라북도","　　전기 전자 및 정밀기기 제조업",701256,702709,-0.13,824948,792616,0.13,889691,950224,0.22
"전라북도","　　기계 운송장비 및 기타 제품 제조업",3447089,3293239,-0.75,2866776,2878962,-0.28,2560895,2773859,0.76
"전라북도","전기, 가스, 증기 및 공기 조절 공급업",1221202,1219885,0.01,826270,1196921,-0.15,882007,1480941,0.02
"전라북도","건설업",2874849,2806022,-0.43,3518970,3136099,0.31,3729424,2993225,-0.41
"전라북도","서비스업",25195999,24729785,1.52,27408801,25964735,1.52,30370477,27749003,1.80
"전라북도","　도매 및 소매업",2396034,2351947,0.00,2507081,2431393,0.07,2336593,2323933,-0.05
"전라북도","　운수 및 창고업",1276997,1262696,0.05,1262755,1363391,0.04,1363076,1296752,0.26
"전라북도","　숙박 및 음식점업",1122955,1070105,0.06,1208131,1094828,0.08,1114455,973216,0.12
"전라북도","　정보통신업",812818,804737,0.02,757008,778326,0.05,847499,969789,0.11
"전라북도","　금융 및 보험업",2089892,2084806,0.06,2422288,2287661,0.33,2783462,2675725,0.30
"전라북도","　부동산업",2818598,2769783,0.10,2897655,2793558,0.06,2993944,2894485,0.02
"전라북도","　사업서비스업",2093942,2062407,0.20,2354420,2186580,0.16,2693729,2274442,0.15
"전라북도","　공공 행정, 국방 및 사회보장 행정",4756960,4663514,0.32,5416107,4964030,0.23,6537860,5618371,0.13
"전라북도","　교육 서비스업",3430128,3370712,0.03,3683275,3497291,0.10,4056540,3697320,0.35
"전라북도","　보건업 및 사회복지 서비스업",2826512,2783384,0.62,3230144,3076994,0.36,3797319,3487152,0.23
"전라북도","　문화 및 기타서비스업",1571163,1505694,0.06,1669937,1491564,0.05,1846000,1535486,0.17
"전라남도","지역내총생산(시장가격)",71615402,70449724,2.28,75424584,72888289,2.17,88383883,76965787,2.66
"전라남도","순생산물세",9041683,8752654,0.71,9447125,8700732,0.20,10661808,9086292,0.50
"전라남도","총부가가치(기초가격)",62573719,61697070,1.57,65977459,64194937,1.97,77722075,67893404,2.16
"전라남도","농업, 임업 및 어업",4791502,4742797,-0.06,5179868,5105560,0.33,6068063,5421895,0.49
"전라남도","광제조업",22732974,22480656,0.76,23726917,22915492,0.16,28597124,23115051,1.44
"전라남도","　광업",159290,154724,0.00,124221,119266,-0.04,163360,168178,0.02
"전라남도","　제조업",22573684,22325932,0.76,23602696,22796915,0.20,28433764,22946169,1.42
"전라남도","　　음식료품 및 담배제조업",930273,882997,0.03,1093395,1004954,0.11,1180095,1058587,-0.07
"전라남도","　　섬유 의복 및 가죽 제품 제조업",84281,74479,-0.02,82458,77782,0.00,77336,70430,0.00
"전라남도","　　목재종이인쇄 및 복제업",187338,186568,0.02,159246,150695,-0.01,167441,148651,-0.02
"전라남도","　　석탄 및 석유 화학제품 제조업",13881048,13627665,0.25,14102542,13713884,-0.58,16834498,13122796,0.61
"전라남도","　　비금속광물 및 금속제품 제조업",5032216,4967460,0.07,5795917,5494430,0.43,7387951,5345897,0.31
"전라남도","　　전기 전자 및 정밀기기 제조업",269835,267175,-0.09,394830,374161,0.08,696410,715476,0.18
"전라남도","　　기계 운송장비 및 기타 제품 제조업",2188693,2319588,0.50,1974308,1953221,0.16,2090033,2440348,0.41
"전라남도","전기, 가스, 증기 및 공기 조절 공급업",3119104,2881902,-0.09,2079859,2899883,-0.23,1690366,2976258,0.08
"전라남도","건설업",4357530,4251351,-0.12,4812006,4277662,0.27,6157362,4935111,-1.20
"전라남도","서비스업",27572609,27340364,1.08,30178809,28939552,1.45,35209160,31325700,1.34
"전라남도","　도매 및 소매업",2287370,2245299,0.01,2412255,2339227,0.13,2295436,2283673,-0.05
"전라남도","　운수 및 창고업",2754369,2992179,0.19,2580079,3023606,0.03,4148527,3228433,0.33
"전라남도","　숙박 및 음식점업",1179867,1127358,0.06,1274934,1159910,0.06,1282987,1129494,0.04
"전라남도","　정보통신업",992546,983872,0.23,1131281,1147690,0.05,1332499,1354149,0.06
"전라남도","　금융 및 보험업",1944572,1946234,-0.01,2224061,2112412,0.15,2522523,2454582,0.21
"전라남도","　부동산업",2426644,2384884,0.07,2543769,2452596,0.09,2664244,2577593,0.01
"전라남도","　사업서비스업",2137811,2107540,0.02,2454421,2258217,0.19,2942820,2458670,0.27
"전라남도","　공공 행정, 국방 및 사회보장 행정",6289420,6164084,0.22,7293857,6681651,0.42,8524334,7322937,0.05
"전라남도","　교육 서비스업",3302505,3240006,0.03,3501675,3316273,0.02,3954328,3583317,0.17
"전라남도","　보건업 및 사회복지 서비스업",2640996,2604825,0.22,2995650,2866108,0.24,3539387,3267143,0.18
"전라남도","　문화 및 기타서비스업",1616509,1544083,0.04,1766827,1566198,0.05,2002075,1642337,0.08
"경상북도","지역내총생산(시장가격)",107440609,105745496,2.55,108782638,103149107,-1.23,113285841,105224262,3.80
"경상북도","순생산물세",5926469,5747114,0.18,6153678,5670015,-0.18,7105206,6079398,0.02
"경상북도","총부가가치(기초가격)",101514140,99998382,2.37,102628960,97477510,-1.05,106180635,99129431,3.78
"경상북도","농업, 임업 및 어업",5181547,4974613,-0.49,5500601,5190049,0.09,6777286,5617665,0.43
"경상북도","광제조업",48780205,48524056,1.17,47839504,44967327,-1.18,46928370,44901024,2.16
"경상북도","　광업",196890,190143,0.00,150565,141874,-0.02,154293,156379,0.01
"경상북도","　제조업",48583315,48333913,1.17,47688939,44826227,-1.17,46774077,44742638,2.15
"경상북도","　　음식료품 및 담배제조업",1538192,1465103,0.01,1570638,1482431,-0.01,1802707,1678265,0.06
"경상북도","　　섬유 의복 및 가죽 제품 제조업",1357568,1195006,-0.17,1341532,1275029,-0.03,1275152,1167599,0.06
"경상북도","　　목재종이인쇄 및 복제업",638321,624717,0.00,640702,589101,-0.01,736803,646025,0.03
"경상북도","　　석탄 및 석유 화학제품 제조업",4355181,4230888,-0.02,4478495,4576508,0.26,4898042,4404957,0.35
"경상북도","　　비금속광물 및 금속제품 제조업",11553962,11383864,0.13,11711940,11186526,-0.59,14368436,10613638,0.11
"경상북도","　　전기 전자 및 정밀기기 제조업",23495741,24097697,1.20,21908955,19664004,-1.08,17955012,20035796,1.07
"경상북도","　　기계 운송장비 및 기타 제품 제조업",5644350,5336638,0.02,6036677,5988905,0.31,5737925,6145153,0.49
"경상북도","전기, 가스, 증기 및 공기 조절 공급업",3147049,2939710,0.08,2365183,3326614,0.06,2078433,3616930,-0.09
"경상북도","건설업",6309534,6161338,0.15,5839271,5180091,-0.88,5501353,4397629,-0.25
"경상북도","서비스업",38095805,37398665,1.45,41084401,38834203,0.86,44895193,40777102,1.53
"경상북도","　도매 및 소매업",3329270,3268211,-0.04,3500353,3395512,0.02,3409743,3392724,0.03
"경상북도","　운수 및 창고업",2485788,2463263,0.03,2410165,2594521,0.02,2536659,2472971,0.16
"경상북도","　숙박 및 음식점업",1789353,1706748,0.05,1953224,1771280,0.08,1838950,1613506,0.15
"경상북도","　정보통신업",1349684,1341311,0.03,1342657,1394883,0.05,1415718,1582432,0.06
"경상북도","　금융 및 보험업",2750159,2755368,0.03,3118989,2955519,0.12,3374737,3287840,0.14
"경상북도","　부동산업",4242187,4168370,0.06,4263359,4108232,-0.01,4267105,4119419,0.16
"경상북도","　사업서비스업",4583093,4506017,-0.23,5165951,4723116,0.12,5776415,4790395,0.09
"경상북도","　공공 행정, 국방 및 사회보장 행정",7413502,7300039,1.20,8335486,7685160,0.25,10082656,8709749,0.19
"경상북도","　교육 서비스업",4418872,4343653,0.00,4685750,4453584,0.03,5132292,4702631,0.26
"경상북도","　보건업 및 사회복지 서비스업",3189208,3146456,0.23,3542221,3379295,0.16,4127393,3802706,0.16
"경상북도","　문화 및 기타서비스업",2544689,2399229,0.08,2766246,2375157,0.03,2933525,2314397,0.14
"경상남도","지역내총생산(시장가격)",109338189,107343355,0.71,110720199,107224316,0.62,112949668,105384664,1.89
"경상남도","순생산물세",8315569,8062935,-0.01,8158738,7514624,-0.32,8865994,7584573,-0.02
"경상남도","총부가가치(기초가격)",101022620,99280420,0.72,102561461,99726659,0.95,104083674,97805741,1.92
"경상남도","농업, 임업 및 어업",3494042,3424494,-0.14,3995780,3848917,0.28,4240972,3651030,-0.05
"경상남도","광제조업",41346901,40832075,-0.04,39860506,39490070,0.30,38514539,37226020,0.47
"경상남도","　광업",115269,111427,0.00,95958,90794,-0.02,89117,92288,0.01
"경상남도","　제조업",41231632,40720648,-0.04,39764548,39400932,0.32,38425422,37136296,0.46
"경상남도","　　음식료품 및 담배제조업",2200268,2082668,-0.06,2239997,2105155,0.00,2333452,2172835,0.09
"경상남도","　　섬유 의복 및 가죽 제품 제조업",560458,484839,-0.06,500850,464549,-0.02,435643,402877,-0.01
"경상남도","　　목재종이인쇄 및 복제업",844715,824598,0.00,906113,829747,0.01,915403,796687,0.05
"경상남도","　　석탄 및 석유 화학제품 제조업",3876109,3796478,-0.01,3498480,3673864,-0.05,3466657,3310716,0.05
"경상남도","　　비금속광물 및 금속제품 제조업",9831774,9651250,-0.20,9173191,8969655,-0.16,10199094,7996207,-0.42
"경상남도","　　전기 전자 및 정밀기기 제조업",5272114,5207293,-0.04,6235523,6151212,0.41,6542250,6777548,0.52
"경상남도","　　기계 운송장비 및 기타 제품 제조업",18646194,18673522,0.32,17210394,17180505,0.14,14532923,15719741,0.18
"경상남도","전기, 가스, 증기 및 공기 조절 공급업",3159589,3051389,0.06,2088684,3224179,-0.02,1739078,3322616,0.28
"경상남도","건설업",6127925,5978586,0.25,6585494,5863635,-0.44,5249811,4211122,-0.40
"경상남도","서비스업",46894163,45993876,0.58,50030997,47282082,0.82,54339274,49463302,1.61
"경상남도","　도매 및 소매업",4773063,4685416,0.01,5006632,4855955,0.04,4739811,4716740,0.02
"경상남도","　운수 및 창고업",2856264,2799945,-0.01,2622774,2747652,-0.01,3008962,2873134,0.28
"경상남도","　숙박 및 음식점업",2317520,2209089,0.04,2451062,2221936,0.05,2326535,2034618,0.13
"경상남도","　정보통신업",1407596,1399099,0.02,1356748,1413072,0.04,1501524,1732497,0.08
"경상남도","　금융 및 보험업",3804042,3803515,-0.02,4244636,4002722,0.13,4433982,4285774,0.17
"경상남도","　부동산업",6585665,6471965,0.09,6522764,6290493,-0.14,6710731,6431683,0.14
"경상남도","　사업서비스업",5450640,5365952,0.00,5931746,5449899,0.10,6658823,5502135,0.14
"경상남도","　공공 행정, 국방 및 사회보장 행정",7527868,7361447,0.10,8622142,7873607,0.29,9913743,8482173,0.02
"경상남도","　교육 서비스업",5137957,5047444,0.04,5482059,5200402,0.04,6214643,5643149,0.29
"경상남도","　보건업 및 사회복지 서비스업",4275425,4215015,0.27,4884338,4659898,0.24,5828925,5375316,0.26
"경상남도","　문화 및 기타서비스업",2758123,2634989,0.04,2906096,2563587,0.05,3001595,2440840,0.07
"제주특별자치도","지역내총생산(시장가격)",18719373,18307842,8.03,20051121,18968300,-0.92,20187503,18173026,1.20
"제주특별자치도","순생산물세",1628453,1573350,1.09,1630898,1504838,-0.66,1651819,1403687,-0.12
"제주특별자치도","총부가가치(기초가격)",17090920,16734492,6.94,18420223,17466509,-0.26,18535684,16773264,1.32
"제주특별자치도","농업, 임업 및 어업",1831771,1814901,0.59,1821788,1638278,-1.29,2048666,1675235,0.05
"제주특별자치도","광제조업",771783,750364,0.36,793134,769268,-0.20,746361,727598,0.18
"제주특별자치도","　광업",41293,39918,-0.01,21082,19951,-0.06,19504,20196,0.05
"제주특별자치도","　제조업",730490,710446,0.37,772052,749941,-0.14,726857,708531,0.13
"제주특별자치도","　　음식료품 및 담배제조업",270293,253400,-0.06,275696,255272,-0.08,284868,263092,0.03
"제주특별자치도","　　섬유 의복 및 가죽 제품 제조업",6197,5486,-0.01,5758,5330,0.00,5001,4539,0.00
"제주특별자치도","　　목재종이인쇄 및 복제업",33620,32832,0.01,63207,58414,0.13,55394,50130,0.01
"제주특별자치도","　　석탄 및 석유 화학제품 제조업",70216,68404,0.07,64335,66298,-0.03,76902,73872,0.03
"제주특별자치도","　　비금속광물 및 금속제품 제조업",208461,208244,0.21,176237,187239,-0.21,132626,135640,-0.02
"제주특별자치도","　　전기 전자 및 정밀기기 제조업",48979,49651,0.05,104306,95084,0.10,103836,114086,0.09
"제주특별자치도","　　기계 운송장비 및 기타 제품 제조업",92724,92429,0.09,82513,78219,-0.04,68230,64985,0.00
"제주특별자치도","전기, 가스, 증기 및 공기 조절 공급업",369799,335850,-0.20,248002,349266,-0.07,213099,376385,0.10
"제주특별자치도","건설업",1964929,1916635,2.28,1958260,1752148,-2.09,1275113,1028798,-1.40
"제주특별자치도","서비스업",12152638,11916742,3.91,13599039,12975082,3.39,14252445,13066189,2.39
"제주특별자치도","　도매 및 소매업",1272465,1248977,0.34,1371766,1329974,0.16,1134670,1128049,0.02
"제주특별자치도","　운수 및 창고업",1007918,960624,0.32,902484,966402,0.67,848085,739088,0.61
"제주특별자치도","　숙박 및 음식점업",1058591,1023345,0.82,1184246,1093302,0.33,1227904,1110932,0.55
"제주특별자치도","　정보통신업",932493,919508,1.39,1115198,1087121,0.44,1101962,1012254,-0.50
"제주특별자치도","　금융 및 보험업",823058,830832,0.32,1002344,961979,0.28,1112684,1107481,0.23
"제주특별자치도","　부동산업",1397824,1374416,0.22,1488521,1435596,0.20,1442041,1405988,0.11
"제주특별자치도","　사업서비스업",1186286,1166067,-0.04,1331488,1257384,0.21,1399107,1227445,0.21
"제주특별자치도","　공공 행정, 국방 및 사회보장 행정",1824357,1789195,0.31,2233804,2047529,0.46,2622587,2255238,0.18
"제주특별자치도","　교육 서비스업",1062588,1044031,-0.04,1176356,1115534,0.19,1350220,1219769,0.39
"제주특별자치도","　보건업 및 사회복지 서비스업",834630,823108,0.22,961346,919284,0.28,1172171,1085436,0.34
"제주특별자치도","　문화 및 기타서비스업",752428,736639,0.06,831486,772662,0.17,841014,735853,0.26
